background,small,big
bg Pantone186,ODI dots Pantone186,ODI Pantone186
bg Pantone Orange 021,ODI dots Pantone Orange 021,ODI Pantone Orange 021
bg Pantone 136,ODI dots Pantone 136,ODI Pantone 136
bg Pantone 7487,ODI dots Pantone 7487,ODI Pantone 7487
bg Pantone 361,ODI dots Pantone 361,ODI Pantone 361
bg Pantone 326,ODI dots Pantone 326,ODI Pantone 326
bg Pantone 292,ODI dots Pantone 292,ODI Pantone 292
bg Pantone 2995,ODI dots Pantone 2995,ODI Pantone 2995
bg Pantone 2727,ODI dots Pantone 2727,ODI Pantone 2727
bg Pantone 2738,ODI dots Pantone 2738,ODI Pantone 2738
bg Pantone 527,ODI dots Pantone 527,ODI Pantone 527
bg Pantone 248,ODI dots Pantone 248,ODI Pantone 248
bg Pantone Process Magenta,ODI dots Pantone Process Magenta,ODI Pantone Process Magenta
bg Pantone 232,ODI dots Pantone 232,ODI Pantone 232
bg Pantone 7635,ODI dots Pantone 7635,ODI Pantone 7635